"Variable.Name","Variable.Description","Data.File.Name","Data.File.Description","Begin.Year","EndYear","Component","Use.Constraints","SourceTable"
"DMAETHN","Logical Imputation Flag for Ethnicity","DEMO","Demographic Variables & Sample Weights",1999,2000,"Demographics","None","DEMO"
"DMARACE","Logical Imputation Flag for Race Recode","DEMO","Demographic Variables & Sample Weights",1999,2000,"Demographics","None","DEMO"
"DMDBORN","In what country {were you/was SP} born?","DEMO","Demographic Variables & Sample Weights",1999,2000,"Demographics","None","DEMO"
"DMDCITZN","{Are you/Is SP} a citizen of the United States? [Information about citizenship is being collected by the U.S. Public Health Serv","DEMO","Demographic Variables & Sample Weights",1999,2000,"Demographics","None","DEMO"
"DMDEDUC","(SP Interview Version) What is the highest grade or level of school {you have/SP has} completed or the highest degree {you have/","DEMO","Demographic Variables & Sample Weights",1999,2000,"Demographics","None","DEMO"
"DMDEDUC2","(SP Interview Version) What is the highest grade or level of school {you have/SP has} completed or the highest degree {you have/","DEMO","Demographic Variables & Sample Weights",1999,2000,"Demographics","None","DEMO"
"DMDEDUC3","(SP Interview Version) What is the highest grade or level of school {you have/SP has} completed or the highest degree {you have/","DEMO","Demographic Variables & Sample Weights",1999,2000,"Demographics","None","DEMO"
"DMDHHSIZ","Total number of people in the Household","DEMO","Demographic Variables & Sample Weights",1999,2000,"Demographics","None","DEMO"
"DMDHRAGE","Age in years of the household reference person at the time of HH screening.  Individuals 85 and over are topcoded at 85 years of","DEMO","Demographic Variables & Sample Weights",1999,2000,"Demographics","None","DEMO"
"DMDHRBRN","In what country {were you/was NON-SP Head} born?","DEMO","Demographic Variables & Sample Weights",1999,2000,"Demographics","None","DEMO"
"DMDHREDU","What is the highest grade or level of school {you have/NON_SP HEAD has} received?","DEMO","Demographic Variables & Sample Weights",1999,2000,"Demographics","None","DEMO"
"DMDHRGND","Gender of the household reference person","DEMO","Demographic Variables & Sample Weights",1999,2000,"Demographics","None","DEMO"
"DMDHRMAR","Marital Status of household reference person","DEMO","Demographic Variables & Sample Weights",1999,2000,"Demographics","None","DEMO"
"DMDHSEDU","What is the highest grade or level of school {you have/NON-SP SPOUSE has completed or the highest degree {you have/he/she has} r","DEMO","Demographic Variables & Sample Weights",1999,2000,"Demographics","None","DEMO"
"DMDMARTL","Marital Status","DEMO","Demographic Variables & Sample Weights",1999,2000,"Demographics","None","DEMO"
"DMDSCHOL","{Are you/Is SP} now . . .","DEMO","Demographic Variables & Sample Weights",1999,2000,"Demographics","None","DEMO"
"DMDYRSUS","Length of time SP has been in the US.","DEMO","Demographic Variables & Sample Weights",1999,2000,"Demographics","None","DEMO"
"DMQMILIT","Did {you/SP} ever serve in the Armed Forces of the United States?","DEMO","Demographic Variables & Sample Weights",1999,2000,"Demographics","None","DEMO"
"INDFMINC","Total family income (reported as a range value in dollars)","DEMO","Demographic Variables & Sample Weights",1999,2000,"Demographics","None","DEMO"
"INDFMPIR","Poverty income ratio (PIR) - a ratio of family income to poverty threshold","DEMO","Demographic Variables & Sample Weights",1999,2000,"Demographics","None","DEMO"
"INDHHINC","Total household income (reported as a range value in dollars)","DEMO","Demographic Variables & Sample Weights",1999,2000,"Demographics","None","DEMO"
"RIAGENDR","Gender of the sample person","DEMO","Demographic Variables & Sample Weights",1999,2000,"Demographics","None","DEMO"
"RIDAGEEX","Best age in months at date of examination for individuals under 85 years of age at screening.","DEMO","Demographic Variables & Sample Weights",1999,2000,"Demographics","None","DEMO"
"RIDAGEMN","Best age in months at date of screening for individuals under 85 years of age.","DEMO","Demographic Variables & Sample Weights",1999,2000,"Demographics","None","DEMO"
"RIDAGEYR","Best age in years of the sample person at time of HH screening.  Individuals 85 and over are topcoded at 85 years of age.","DEMO","Demographic Variables & Sample Weights",1999,2000,"Demographics","None","DEMO"
"RIDEXMON","Six month time period when the examination was performed - two categories: November 1 through April 30, May 1 through October 31","DEMO","Demographic Variables & Sample Weights",1999,2000,"Demographics","None","DEMO"
"RIDEXPRG","Pregnancy status at the time of MEC exam.","DEMO","Demographic Variables & Sample Weights",1999,2000,"Demographics","None","DEMO"
"RIDPREG","Pregnancy status variable based on all source data. NOTE: This is the previous pregnancy status recode variable. RIDPREG is a mo","DEMO","Demographic Variables & Sample Weights",1999,2000,"Demographics","None","DEMO"
"RIDRETH1","Recode of reported race and ethnicity information.","DEMO","Demographic Variables & Sample Weights",1999,2000,"Demographics","None","DEMO"
"RIDRETH2","Linked NH3 Race and Ethnicity Recode.","DEMO","Demographic Variables & Sample Weights",1999,2000,"Demographics","None","DEMO"
"RIDSTATR","Interview and Examination Status of the Sample Person.","DEMO","Demographic Variables & Sample Weights",1999,2000,"Demographics","None","DEMO"
"SDDSRVYR","Data Release Number.","DEMO","Demographic Variables & Sample Weights",1999,2000,"Demographics","None","DEMO"
"SDJ1REPN","Jack Knife Replicate Number","DEMO","Demographic Variables & Sample Weights",1999,2000,"Demographics","None","DEMO"
"SDMVPSU","Masked Variance Unit Pseudo-PSU variable for variance estimation","DEMO","Demographic Variables & Sample Weights",1999,2000,"Demographics","None","DEMO"
"SDMVSTRA","Masked Variance Unit Pseudo-Stratum variable for variance estimation","DEMO","Demographic Variables & Sample Weights",1999,2000,"Demographics","None","DEMO"
"SEQN","Respondent sequence number.","DEMO","Demographic Variables & Sample Weights",1999,2000,"Demographics","None","DEMO"
"WTINT2YR","Interviewed Sample Persons.","DEMO","Demographic Variables & Sample Weights",1999,2000,"Demographics","None","DEMO"
"WTINT4YR","Interviewed Sample Persons. Used for 1999-2002 data collection years only.","DEMO","Demographic Variables & Sample Weights",1999,2000,"Demographics","None","DEMO"
"WTIREP01","Interview Weight Jack Knife Replicate 01","DEMO","Demographic Variables & Sample Weights",1999,2000,"Demographics","None","DEMO"
"WTIREP02","Interview Weight Jack Knife Replicate 02","DEMO","Demographic Variables & Sample Weights",1999,2000,"Demographics","None","DEMO"
"WTIREP03","Interview Weight Jack Knife Replicate 03","DEMO","Demographic Variables & Sample Weights",1999,2000,"Demographics","None","DEMO"
"WTIREP04","Interview Weight Jack Knife Replicate 04","DEMO","Demographic Variables & Sample Weights",1999,2000,"Demographics","None","DEMO"
"WTIREP05","Interview Weight Jack Knife Replicate 05","DEMO","Demographic Variables & Sample Weights",1999,2000,"Demographics","None","DEMO"
"WTIREP06","Interview Weight Jack Knife Replicate 06","DEMO","Demographic Variables & Sample Weights",1999,2000,"Demographics","None","DEMO"
"WTIREP07","Interview Weight Jack Knife Replicate 07","DEMO","Demographic Variables & Sample Weights",1999,2000,"Demographics","None","DEMO"
"WTIREP08","Interview Weight Jack Knife Replicate 08","DEMO","Demographic Variables & Sample Weights",1999,2000,"Demographics","None","DEMO"
"WTIREP09","Interview Weight Jack Knife Replicate 09","DEMO","Demographic Variables & Sample Weights",1999,2000,"Demographics","None","DEMO"
"WTIREP10","Interview Weight Jack Knife Replicate 10","DEMO","Demographic Variables & Sample Weights",1999,2000,"Demographics","None","DEMO"
"WTIREP11","Interview Weight Jack Knife Replicate 11","DEMO","Demographic Variables & Sample Weights",1999,2000,"Demographics","None","DEMO"
"WTIREP12","Interview Weight Jack Knife Replicate 12","DEMO","Demographic Variables & Sample Weights",1999,2000,"Demographics","None","DEMO"
"WTIREP13","Interview Weight Jack Knife Replicate 13","DEMO","Demographic Variables & Sample Weights",1999,2000,"Demographics","None","DEMO"
"WTIREP14","Interview Weight Jack Knife Replicate 14","DEMO","Demographic Variables & Sample Weights",1999,2000,"Demographics","None","DEMO"
"WTIREP15","Interview Weight Jack Knife Replicate 15","DEMO","Demographic Variables & Sample Weights",1999,2000,"Demographics","None","DEMO"
"WTIREP16","Interview Weight Jack Knife Replicate 16","DEMO","Demographic Variables & Sample Weights",1999,2000,"Demographics","None","DEMO"
"WTIREP17","Interview Weight Jack Knife Replicate 17","DEMO","Demographic Variables & Sample Weights",1999,2000,"Demographics","None","DEMO"
"WTIREP18","Interview Weight Jack Knife Replicate 18","DEMO","Demographic Variables & Sample Weights",1999,2000,"Demographics","None","DEMO"
"WTIREP19","Interview Weight Jack Knife Replicate 19","DEMO","Demographic Variables & Sample Weights",1999,2000,"Demographics","None","DEMO"
"WTIREP20","Interview Weight Jack Knife Replicate 20","DEMO","Demographic Variables & Sample Weights",1999,2000,"Demographics","None","DEMO"
"WTIREP21","Interview Weight Jack Knife Replicate 21","DEMO","Demographic Variables & Sample Weights",1999,2000,"Demographics","None","DEMO"
"WTIREP22","Interview Weight Jack Knife Replicate 22","DEMO","Demographic Variables & Sample Weights",1999,2000,"Demographics","None","DEMO"
"WTIREP23","Interview Weight Jack Knife Replicate 23","DEMO","Demographic Variables & Sample Weights",1999,2000,"Demographics","None","DEMO"
"WTIREP24","Interview Weight Jack Knife Replicate 24","DEMO","Demographic Variables & Sample Weights",1999,2000,"Demographics","None","DEMO"
"WTIREP25","Interview Weight Jack Knife Replicate 25","DEMO","Demographic Variables & Sample Weights",1999,2000,"Demographics","None","DEMO"
"WTIREP26","Interview Weight Jack Knife Replicate 26","DEMO","Demographic Variables & Sample Weights",1999,2000,"Demographics","None","DEMO"
"WTIREP27","Interview Weight Jack Knife Replicate 27","DEMO","Demographic Variables & Sample Weights",1999,2000,"Demographics","None","DEMO"
"WTIREP28","Interview Weight Jack Knife Replicate 28","DEMO","Demographic Variables & Sample Weights",1999,2000,"Demographics","None","DEMO"
"WTIREP29","Interview Weight Jack Knife Replicate 29","DEMO","Demographic Variables & Sample Weights",1999,2000,"Demographics","None","DEMO"
"WTIREP30","Interview Weight Jack Knife Replicate 30","DEMO","Demographic Variables & Sample Weights",1999,2000,"Demographics","None","DEMO"
"WTIREP31","Interview Weight Jack Knife Replicate 31","DEMO","Demographic Variables & Sample Weights",1999,2000,"Demographics","None","DEMO"
"WTIREP32","Interview Weight Jack Knife Replicate 32","DEMO","Demographic Variables & Sample Weights",1999,2000,"Demographics","None","DEMO"
"WTIREP33","Interview Weight Jack Knife Replicate 33","DEMO","Demographic Variables & Sample Weights",1999,2000,"Demographics","None","DEMO"
"WTIREP34","Interview Weight Jack Knife Replicate 34","DEMO","Demographic Variables & Sample Weights",1999,2000,"Demographics","None","DEMO"
"WTIREP35","Interview Weight Jack Knife Replicate 35","DEMO","Demographic Variables & Sample Weights",1999,2000,"Demographics","None","DEMO"
"WTIREP36","Interview Weight Jack Knife Replicate 36","DEMO","Demographic Variables & Sample Weights",1999,2000,"Demographics","None","DEMO"
"WTIREP37","Interview Weight Jack Knife Replicate 37","DEMO","Demographic Variables & Sample Weights",1999,2000,"Demographics","None","DEMO"
"WTIREP38","Interview Weight Jack Knife Replicate 38","DEMO","Demographic Variables & Sample Weights",1999,2000,"Demographics","None","DEMO"
"WTIREP39","Interview Weight Jack Knife Replicate 39","DEMO","Demographic Variables & Sample Weights",1999,2000,"Demographics","None","DEMO"
"WTIREP40","Interview Weight Jack Knife Replicate 40","DEMO","Demographic Variables & Sample Weights",1999,2000,"Demographics","None","DEMO"
"WTIREP41","Interview Weight Jack Knife Replicate 41","DEMO","Demographic Variables & Sample Weights",1999,2000,"Demographics","None","DEMO"
"WTIREP42","Interview Weight Jack Knife Replicate 42","DEMO","Demographic Variables & Sample Weights",1999,2000,"Demographics","None","DEMO"
"WTIREP43","Interview Weight Jack Knife Replicate 43","DEMO","Demographic Variables & Sample Weights",1999,2000,"Demographics","None","DEMO"
"WTIREP44","Interview Weight Jack Knife Replicate 44","DEMO","Demographic Variables & Sample Weights",1999,2000,"Demographics","None","DEMO"
"WTIREP45","Interview Weight Jack Knife Replicate 45","DEMO","Demographic Variables & Sample Weights",1999,2000,"Demographics","None","DEMO"
"WTIREP46","Interview Weight Jack Knife Replicate 46","DEMO","Demographic Variables & Sample Weights",1999,2000,"Demographics","None","DEMO"
"WTIREP47","Interview Weight Jack Knife Replicate 47","DEMO","Demographic Variables & Sample Weights",1999,2000,"Demographics","None","DEMO"
"WTIREP48","Interview Weight Jack Knife Replicate 48","DEMO","Demographic Variables & Sample Weights",1999,2000,"Demographics","None","DEMO"
"WTIREP49","Interview Weight Jack Knife Replicate 49","DEMO","Demographic Variables & Sample Weights",1999,2000,"Demographics","None","DEMO"
"WTIREP50","Interview Weight Jack Knife Replicate 50","DEMO","Demographic Variables & Sample Weights",1999,2000,"Demographics","None","DEMO"
"WTIREP51","Interview Weight Jack Knife Replicate 51","DEMO","Demographic Variables & Sample Weights",1999,2000,"Demographics","None","DEMO"
"WTIREP52","Interview Weight Jack Knife Replicate 52","DEMO","Demographic Variables & Sample Weights",1999,2000,"Demographics","None","DEMO"
"WTMEC2YR","Both Interviewed and MEC Examined Sample Persons.","DEMO","Demographic Variables & Sample Weights",1999,2000,"Demographics","None","DEMO"
"WTMEC4YR","Both Interviewed and MEC Examined Sample Persons. Used for 1999-2002 data collection years only.","DEMO","Demographic Variables & Sample Weights",1999,2000,"Demographics","None","DEMO"
"WTMREP01","MEC Exam Weight Jack Knife Replicate 01","DEMO","Demographic Variables & Sample Weights",1999,2000,"Demographics","None","DEMO"
"WTMREP02","MEC Exam Weight Jack Knife Replicate 02","DEMO","Demographic Variables & Sample Weights",1999,2000,"Demographics","None","DEMO"
"WTMREP03","MEC Exam Weight Jack Knife Replicate 03","DEMO","Demographic Variables & Sample Weights",1999,2000,"Demographics","None","DEMO"
"WTMREP04","MEC Exam Weight Jack Knife Replicate 04","DEMO","Demographic Variables & Sample Weights",1999,2000,"Demographics","None","DEMO"
"WTMREP05","MEC Exam Weight Jack Knife Replicate 05","DEMO","Demographic Variables & Sample Weights",1999,2000,"Demographics","None","DEMO"
"WTMREP06","MEC Exam Weight Jack Knife Replicate 06","DEMO","Demographic Variables & Sample Weights",1999,2000,"Demographics","None","DEMO"
"WTMREP07","MEC Exam Weight Jack Knife Replicate 07","DEMO","Demographic Variables & Sample Weights",1999,2000,"Demographics","None","DEMO"
"WTMREP08","MEC Exam Weight Jack Knife Replicate 08","DEMO","Demographic Variables & Sample Weights",1999,2000,"Demographics","None","DEMO"
"WTMREP09","MEC Exam Weight Jack Knife Replicate 09","DEMO","Demographic Variables & Sample Weights",1999,2000,"Demographics","None","DEMO"
"WTMREP10","MEC Exam Weight Jack Knife Replicate 10","DEMO","Demographic Variables & Sample Weights",1999,2000,"Demographics","None","DEMO"
"WTMREP11","MEC Exam Weight Jack Knife Replicate 11","DEMO","Demographic Variables & Sample Weights",1999,2000,"Demographics","None","DEMO"
"WTMREP12","MEC Exam Weight Jack Knife Replicate 12","DEMO","Demographic Variables & Sample Weights",1999,2000,"Demographics","None","DEMO"
"WTMREP13","MEC Exam Weight Jack Knife Replicate 13","DEMO","Demographic Variables & Sample Weights",1999,2000,"Demographics","None","DEMO"
"WTMREP14","MEC Exam Weight Jack Knife Replicate 14","DEMO","Demographic Variables & Sample Weights",1999,2000,"Demographics","None","DEMO"
"WTMREP15","MEC Exam Weight Jack Knife Replicate 15","DEMO","Demographic Variables & Sample Weights",1999,2000,"Demographics","None","DEMO"
"WTMREP16","MEC Exam Weight Jack Knife Replicate 16","DEMO","Demographic Variables & Sample Weights",1999,2000,"Demographics","None","DEMO"
"WTMREP17","MEC Exam Weight Jack Knife Replicate 17","DEMO","Demographic Variables & Sample Weights",1999,2000,"Demographics","None","DEMO"
"WTMREP18","MEC Exam Weight Jack Knife Replicate 18","DEMO","Demographic Variables & Sample Weights",1999,2000,"Demographics","None","DEMO"
"WTMREP19","MEC Exam Weight Jack Knife Replicate 19","DEMO","Demographic Variables & Sample Weights",1999,2000,"Demographics","None","DEMO"
"WTMREP20","MEC Exam Weight Jack Knife Replicate 20","DEMO","Demographic Variables & Sample Weights",1999,2000,"Demographics","None","DEMO"
"WTMREP21","MEC Exam Weight Jack Knife Replicate 21","DEMO","Demographic Variables & Sample Weights",1999,2000,"Demographics","None","DEMO"
"WTMREP22","MEC Exam Weight Jack Knife Replicate 22","DEMO","Demographic Variables & Sample Weights",1999,2000,"Demographics","None","DEMO"
"WTMREP23","MEC Exam Weight Jack Knife Replicate 23","DEMO","Demographic Variables & Sample Weights",1999,2000,"Demographics","None","DEMO"
"WTMREP24","MEC Exam Weight Jack Knife Replicate 24","DEMO","Demographic Variables & Sample Weights",1999,2000,"Demographics","None","DEMO"
"WTMREP25","MEC Exam Weight Jack Knife Replicate 25","DEMO","Demographic Variables & Sample Weights",1999,2000,"Demographics","None","DEMO"
"WTMREP26","MEC Exam Weight Jack Knife Replicate 26","DEMO","Demographic Variables & Sample Weights",1999,2000,"Demographics","None","DEMO"
"WTMREP27","MEC Exam Weight Jack Knife Replicate 27","DEMO","Demographic Variables & Sample Weights",1999,2000,"Demographics","None","DEMO"
"WTMREP28","MEC Exam Weight Jack Knife Replicate 28","DEMO","Demographic Variables & Sample Weights",1999,2000,"Demographics","None","DEMO"
"WTMREP29","MEC Exam Weight Jack Knife Replicate 29","DEMO","Demographic Variables & Sample Weights",1999,2000,"Demographics","None","DEMO"
"WTMREP30","MEC Exam Weight Jack Knife Replicate 30","DEMO","Demographic Variables & Sample Weights",1999,2000,"Demographics","None","DEMO"
"WTMREP31","MEC Exam Weight Jack Knife Replicate 31","DEMO","Demographic Variables & Sample Weights",1999,2000,"Demographics","None","DEMO"
"WTMREP32","MEC Exam Weight Jack Knife Replicate 32","DEMO","Demographic Variables & Sample Weights",1999,2000,"Demographics","None","DEMO"
"WTMREP33","MEC Exam Weight Jack Knife Replicate 33","DEMO","Demographic Variables & Sample Weights",1999,2000,"Demographics","None","DEMO"
"WTMREP34","MEC Exam Weight Jack Knife Replicate 34","DEMO","Demographic Variables & Sample Weights",1999,2000,"Demographics","None","DEMO"
"WTMREP35","MEC Exam Weight Jack Knife Replicate 35","DEMO","Demographic Variables & Sample Weights",1999,2000,"Demographics","None","DEMO"
"WTMREP36","MEC Exam Weight Jack Knife Replicate 36","DEMO","Demographic Variables & Sample Weights",1999,2000,"Demographics","None","DEMO"
"WTMREP37","MEC Exam Weight Jack Knife Replicate 37","DEMO","Demographic Variables & Sample Weights",1999,2000,"Demographics","None","DEMO"
"WTMREP38","MEC Exam Weight Jack Knife Replicate 38","DEMO","Demographic Variables & Sample Weights",1999,2000,"Demographics","None","DEMO"
"WTMREP39","MEC Exam Weight Jack Knife Replicate 39","DEMO","Demographic Variables & Sample Weights",1999,2000,"Demographics","None","DEMO"
"WTMREP40","MEC Exam Weight Jack Knife Replicate 40","DEMO","Demographic Variables & Sample Weights",1999,2000,"Demographics","None","DEMO"
"WTMREP41","MEC Exam Weight Jack Knife Replicate 41","DEMO","Demographic Variables & Sample Weights",1999,2000,"Demographics","None","DEMO"
"WTMREP42","MEC Exam Weight Jack Knife Replicate 42","DEMO","Demographic Variables & Sample Weights",1999,2000,"Demographics","None","DEMO"
"WTMREP43","MEC Exam Weight Jack Knife Replicate 43","DEMO","Demographic Variables & Sample Weights",1999,2000,"Demographics","None","DEMO"
"WTMREP44","MEC Exam Weight Jack Knife Replicate 44","DEMO","Demographic Variables & Sample Weights",1999,2000,"Demographics","None","DEMO"
"WTMREP45","MEC Exam Weight Jack Knife Replicate 45","DEMO","Demographic Variables & Sample Weights",1999,2000,"Demographics","None","DEMO"
"WTMREP46","MEC Exam Weight Jack Knife Replicate 46","DEMO","Demographic Variables & Sample Weights",1999,2000,"Demographics","None","DEMO"
"WTMREP47","MEC Exam Weight Jack Knife Replicate 47","DEMO","Demographic Variables & Sample Weights",1999,2000,"Demographics","None","DEMO"
"WTMREP48","MEC Exam Weight Jack Knife Replicate 48","DEMO","Demographic Variables & Sample Weights",1999,2000,"Demographics","None","DEMO"
"WTMREP49","MEC Exam Weight Jack Knife Replicate 49","DEMO","Demographic Variables & Sample Weights",1999,2000,"Demographics","None","DEMO"
"WTMREP50","MEC Exam Weight Jack Knife Replicate 50","DEMO","Demographic Variables & Sample Weights",1999,2000,"Demographics","None","DEMO"
"WTMREP51","MEC Exam Weight Jack Knife Replicate 51","DEMO","Demographic Variables & Sample Weights",1999,2000,"Demographics","None","DEMO"
"WTMREP52","MEC Exam Weight Jack Knife Replicate 52","DEMO","Demographic Variables & Sample Weights",1999,2000,"Demographics","None","DEMO"
"DMDBORN","In what country {were you/was SP} born?","DEMO_B","Demographic Variables & Sample Weights",2001,2002,"Demographics","None","DEMO_B"
"DMDCITZN","{Are you/Is SP} a citizen of the United States? [Information about citizenship is being collected by the U.S. Public Health Serv","DEMO_B","Demographic Variables & Sample Weights",2001,2002,"Demographics","None","DEMO_B"
"DMDEDUC","(SP Interview Version) What is the highest grade or level of school {you have/SP has} completed or the highest degree {you have/","DEMO_B","Demographic Variables & Sample Weights",2001,2002,"Demographics","None","DEMO_B"
"DMDEDUC2","(SP Interview Version) What is the highest grade or level of school {you have/SP has} completed or the highest degree {you have/","DEMO_B","Demographic Variables & Sample Weights",2001,2002,"Demographics","None","DEMO_B"
"DMDEDUC3","(SP Interview Version) What is the highest grade or level of school {you have/SP has} completed or the highest degree {you have/","DEMO_B","Demographic Variables & Sample Weights",2001,2002,"Demographics","None","DEMO_B"
"DMDHHSIZ","Total number of people in the Household","DEMO_B","Demographic Variables & Sample Weights",2001,2002,"Demographics","None","DEMO_B"
"DMDHRAGE","Age in years of the household reference person at the time of HH screening.  Individuals 85 and over are topcoded at 85 years of","DEMO_B","Demographic Variables & Sample Weights",2001,2002,"Demographics","None","DEMO_B"
"DMDHRBRN","In what country {were you/was NON-SP Head} born?","DEMO_B","Demographic Variables & Sample Weights",2001,2002,"Demographics","None","DEMO_B"
"DMDHREDU","What is the highest grade or level of school {you have/NON_SP HEAD has} received?","DEMO_B","Demographic Variables & Sample Weights",2001,2002,"Demographics","None","DEMO_B"
"DMDHRGND","Gender of the household reference person","DEMO_B","Demographic Variables & Sample Weights",2001,2002,"Demographics","None","DEMO_B"
"DMDHRMAR","Marital Status of household reference person","DEMO_B","Demographic Variables & Sample Weights",2001,2002,"Demographics","None","DEMO_B"
"DMDHSEDU","What is the highest grade or level of school {you have/NON-SP SPOUSE has completed or the highest degree {you have/he/she has} r","DEMO_B","Demographic Variables & Sample Weights",2001,2002,"Demographics","None","DEMO_B"
"DMDMARTL","Marital Status","DEMO_B","Demographic Variables & Sample Weights",2001,2002,"Demographics","None","DEMO_B"
"DMDSCHOL","{Are you/Is SP} now . . .","DEMO_B","Demographic Variables & Sample Weights",2001,2002,"Demographics","None","DEMO_B"
"DMDYRSUS","Length of time SP has been in the US.","DEMO_B","Demographic Variables & Sample Weights",2001,2002,"Demographics","None","DEMO_B"
"DMQMILIT","Did {you/SP} ever serve in the Armed Forces of the United States?","DEMO_B","Demographic Variables & Sample Weights",2001,2002,"Demographics","None","DEMO_B"
"INDFMINC","Total family income (reported as a range value in dollars)","DEMO_B","Demographic Variables & Sample Weights",2001,2002,"Demographics","None","DEMO_B"
"INDFMPIR","Poverty income ratio (PIR) - a ratio of family income to poverty threshold","DEMO_B","Demographic Variables & Sample Weights",2001,2002,"Demographics","None","DEMO_B"
"INDHHINC","Total household income (reported as a range value in dollars)","DEMO_B","Demographic Variables & Sample Weights",2001,2002,"Demographics","None","DEMO_B"
"RIAGENDR","Gender of the sample person","DEMO_B","Demographic Variables & Sample Weights",2001,2002,"Demographics","None","DEMO_B"
"RIDAGEEX","Best age in months at date of examination for individuals under 85 years of age at screening.","DEMO_B","Demographic Variables & Sample Weights",2001,2002,"Demographics","None","DEMO_B"
"RIDAGEMN","Best age in months at date of screening for individuals under 85 years of age.","DEMO_B","Demographic Variables & Sample Weights",2001,2002,"Demographics","None","DEMO_B"
"RIDAGEYR","Best age in years of the sample person at time of HH screening.  Individuals 85 and over are topcoded at 85 years of age.","DEMO_B","Demographic Variables & Sample Weights",2001,2002,"Demographics","None","DEMO_B"
"RIDEXMON","Six month time period when the examination was performed - two categories: November 1 through April 30, May 1 through October 31","DEMO_B","Demographic Variables & Sample Weights",2001,2002,"Demographics","None","DEMO_B"
"RIDEXPRG","Pregnancy status at the time of MEC exam.","DEMO_B","Demographic Variables & Sample Weights",2001,2002,"Demographics","None","DEMO_B"
"RIDPREG","Pregnancy status variable based on all source data. NOTE: This is the previous pregnancy status recode variable. RIDPREG is a mo","DEMO_B","Demographic Variables & Sample Weights",2001,2002,"Demographics","None","DEMO_B"
"RIDRETH1","Recode of reported race and ethnicity information.","DEMO_B","Demographic Variables & Sample Weights",2001,2002,"Demographics","None","DEMO_B"
"RIDRETH2","Linked NH3 Race and Ethnicity Recode.","DEMO_B","Demographic Variables & Sample Weights",2001,2002,"Demographics","None","DEMO_B"
"RIDSTATR","Interview and Examination Status of the Sample Person.","DEMO_B","Demographic Variables & Sample Weights",2001,2002,"Demographics","None","DEMO_B"
"SDDSRVYR","Data Release Number.","DEMO_B","Demographic Variables & Sample Weights",2001,2002,"Demographics","None","DEMO_B"
"SDMVPSU","Masked Variance Unit Pseudo-PSU variable for variance estimation","DEMO_B","Demographic Variables & Sample Weights",2001,2002,"Demographics","None","DEMO_B"
"SDMVSTRA","Masked Variance Unit Pseudo-Stratum variable for variance estimation","DEMO_B","Demographic Variables & Sample Weights",2001,2002,"Demographics","None","DEMO_B"
"SEQN","Respondent sequence number.","DEMO_B","Demographic Variables & Sample Weights",2001,2002,"Demographics","None","DEMO_B"
"WTINT2YR","Interviewed Sample Persons.","DEMO_B","Demographic Variables & Sample Weights",2001,2002,"Demographics","None","DEMO_B"
"WTINT4YR","Interviewed Sample Persons. Used for 1999-2002 data collection years only.","DEMO_B","Demographic Variables & Sample Weights",2001,2002,"Demographics","None","DEMO_B"
"WTMEC2YR","Both Interviewed and MEC Examined Sample Persons.","DEMO_B","Demographic Variables & Sample Weights",2001,2002,"Demographics","None","DEMO_B"
"WTMEC4YR","Both Interviewed and MEC Examined Sample Persons. Used for 1999-2002 data collection years only.","DEMO_B","Demographic Variables & Sample Weights",2001,2002,"Demographics","None","DEMO_B"
"AIALANG","Language of the MEC ACASI Interview Instrument","DEMO_C","Demographic Variables & Sample Weights",2003,2004,"Demographics","None","DEMO_C"
"DMDBORN","In what country {were you/was SP} born?","DEMO_C","Demographic Variables & Sample Weights",2003,2004,"Demographics","None","DEMO_C"
"DMDCITZN","{Are you/Is SP} a citizen of the United States? [Information about citizenship is being collected by the U.S. Public Health Serv","DEMO_C","Demographic Variables & Sample Weights",2003,2004,"Demographics","None","DEMO_C"
"DMDEDUC","(SP Interview Version) What is the highest grade or level of school {you have/SP has} completed or the highest degree {you have/","DEMO_C","Demographic Variables & Sample Weights",2003,2004,"Demographics","None","DEMO_C"
"DMDEDUC2","(SP Interview Version) What is the highest grade or level of school {you have/SP has} completed or the highest degree {you have/","DEMO_C","Demographic Variables & Sample Weights",2003,2004,"Demographics","None","DEMO_C"
"DMDEDUC3","(SP Interview Version) What is the highest grade or level of school {you have/SP has} completed or the highest degree {you have/","DEMO_C","Demographic Variables & Sample Weights",2003,2004,"Demographics","None","DEMO_C"
"DMDHHSIZ","Total number of people in the Household","DEMO_C","Demographic Variables & Sample Weights",2003,2004,"Demographics","None","DEMO_C"
"DMDHRAGE","Age in years of the household reference person at the time of HH screening.  Individuals 85 and over are topcoded at 85 years of","DEMO_C","Demographic Variables & Sample Weights",2003,2004,"Demographics","None","DEMO_C"
"DMDHRBRN","In what country {were you/was NON-SP Head} born?","DEMO_C","Demographic Variables & Sample Weights",2003,2004,"Demographics","None","DEMO_C"
"DMDHREDU","What is the highest grade or level of school {you have/NON_SP HEAD has} received?","DEMO_C","Demographic Variables & Sample Weights",2003,2004,"Demographics","None","DEMO_C"
"DMDHRGND","Gender of the household reference person","DEMO_C","Demographic Variables & Sample Weights",2003,2004,"Demographics","None","DEMO_C"
"DMDHRMAR","Marital Status of household reference person","DEMO_C","Demographic Variables & Sample Weights",2003,2004,"Demographics","None","DEMO_C"
"DMDHSEDU","What is the highest grade or level of school {you have/NON-SP SPOUSE has completed or the highest degree {you have/he/she has} r","DEMO_C","Demographic Variables & Sample Weights",2003,2004,"Demographics","None","DEMO_C"
"DMDMARTL","Marital Status","DEMO_C","Demographic Variables & Sample Weights",2003,2004,"Demographics","None","DEMO_C"
"DMDSCHOL","{Are you/Is SP} now . . .","DEMO_C","Demographic Variables & Sample Weights",2003,2004,"Demographics","None","DEMO_C"
"DMDYRSUS","Length of time SP has been in the US.","DEMO_C","Demographic Variables & Sample Weights",2003,2004,"Demographics","None","DEMO_C"
"DMQMILIT","Did {you/SP} ever serve in the Armed Forces of the United States?","DEMO_C","Demographic Variables & Sample Weights",2003,2004,"Demographics","None","DEMO_C"
"FIAINTRP","Was an interpreter used to conduct the Family interview?","DEMO_C","Demographic Variables & Sample Weights",2003,2004,"Demographics","None","DEMO_C"
"FIALANG","Language of the Family Interview Instrument","DEMO_C","Demographic Variables & Sample Weights",2003,2004,"Demographics","None","DEMO_C"
"FIAPROXY","Was a Proxy respondent used in conducting the Family Interview?","DEMO_C","Demographic Variables & Sample Weights",2003,2004,"Demographics","None","DEMO_C"
"INDFMINC","Total family income (reported as a range value in dollars)","DEMO_C","Demographic Variables & Sample Weights",2003,2004,"Demographics","None","DEMO_C"
"INDFMPIR","Poverty income ratio (PIR) - a ratio of family income to poverty threshold","DEMO_C","Demographic Variables & Sample Weights",2003,2004,"Demographics","None","DEMO_C"
"INDHHINC","Total household income (reported as a range value in dollars)","DEMO_C","Demographic Variables & Sample Weights",2003,2004,"Demographics","None","DEMO_C"
"MIAINTRP","Was an interpreter used to conduct the MEC CAPI interview?","DEMO_C","Demographic Variables & Sample Weights",2003,2004,"Demographics","None","DEMO_C"
"MIALANG","Language of the CAPI MEC Interview Instrument","DEMO_C","Demographic Variables & Sample Weights",2003,2004,"Demographics","None","DEMO_C"
"MIAPROXY","Was a Proxy respondent used in conducting the MEC CAPI Interview?","DEMO_C","Demographic Variables & Sample Weights",2003,2004,"Demographics","None","DEMO_C"
"RIAGENDR","Gender of the sample person","DEMO_C","Demographic Variables & Sample Weights",2003,2004,"Demographics","None","DEMO_C"
"RIDAGEEX","Best age in months at date of examination for individuals under 85 years of age at screening.","DEMO_C","Demographic Variables & Sample Weights",2003,2004,"Demographics","None","DEMO_C"
"RIDAGEMN","Best age in months at date of screening for individuals under 85 years of age.","DEMO_C","Demographic Variables & Sample Weights",2003,2004,"Demographics","None","DEMO_C"
"RIDAGEYR","Best age in years of the sample person at time of HH screening.  Individuals 85 and over are topcoded at 85 years of age.","DEMO_C","Demographic Variables & Sample Weights",2003,2004,"Demographics","None","DEMO_C"
"RIDEXMON","Six month time period when the examination was performed - two categories: November 1 through April 30, May 1 through October 31","DEMO_C","Demographic Variables & Sample Weights",2003,2004,"Demographics","None","DEMO_C"
"RIDEXPRG","Pregnancy status at the time of MEC exam.","DEMO_C","Demographic Variables & Sample Weights",2003,2004,"Demographics","None","DEMO_C"
"RIDRETH1","Recode of reported race and ethnicity information.","DEMO_C","Demographic Variables & Sample Weights",2003,2004,"Demographics","None","DEMO_C"
"RIDRETH2","Linked NH3 Race and Ethnicity Recode.","DEMO_C","Demographic Variables & Sample Weights",2003,2004,"Demographics","None","DEMO_C"
"RIDSTATR","Interview and Examination Status of the Sample Person.","DEMO_C","Demographic Variables & Sample Weights",2003,2004,"Demographics","None","DEMO_C"
"SDDSRVYR","Data Release Number.","DEMO_C","Demographic Variables & Sample Weights",2003,2004,"Demographics","None","DEMO_C"
"SDMVPSU","Masked Variance Unit Pseudo-PSU variable for variance estimation","DEMO_C","Demographic Variables & Sample Weights",2003,2004,"Demographics","None","DEMO_C"
"SDMVSTRA","Masked Variance Unit Pseudo-Stratum variable for variance estimation","DEMO_C","Demographic Variables & Sample Weights",2003,2004,"Demographics","None","DEMO_C"
"SEQN","Respondent sequence number.","DEMO_C","Demographic Variables & Sample Weights",2003,2004,"Demographics","None","DEMO_C"
"SIAINTRP","Was an interpreter used to conduct the Sample Person (SP) interview?","DEMO_C","Demographic Variables & Sample Weights",2003,2004,"Demographics","None","DEMO_C"
"SIALANG","Language of the Sample Person Interview Instrument","DEMO_C","Demographic Variables & Sample Weights",2003,2004,"Demographics","None","DEMO_C"
"SIAPROXY","Was a Proxy respondent used in conducting the Sample Person (SP) interview?","DEMO_C","Demographic Variables & Sample Weights",2003,2004,"Demographics","None","DEMO_C"
"WTINT2YR","Interviewed Sample Persons.","DEMO_C","Demographic Variables & Sample Weights",2003,2004,"Demographics","None","DEMO_C"
"WTMEC2YR","Both Interviewed and MEC Examined Sample Persons.","DEMO_C","Demographic Variables & Sample Weights",2003,2004,"Demographics","None","DEMO_C"
"AIALANG","Language of the MEC ACASI Interview Instrument","DEMO_D","Demographic Variables & Sample Weights",2005,2006,"Demographics","None","DEMO_D"
"DMDBORN","In what country {were you/was SP} born?","DEMO_D","Demographic Variables & Sample Weights",2005,2006,"Demographics","None","DEMO_D"
"DMDCITZN","{Are you/Is SP} a citizen of the United States? [Information about citizenship is being collected by the U.S. Public Health Serv","DEMO_D","Demographic Variables & Sample Weights",2005,2006,"Demographics","None","DEMO_D"
"DMDEDUC2","(SP Interview Version) What is the highest grade or level of school {you have/SP has} completed or the highest degree {you have/","DEMO_D","Demographic Variables & Sample Weights",2005,2006,"Demographics","None","DEMO_D"
"DMDEDUC3","(SP Interview Version) What is the highest grade or level of school {you have/SP has} completed or the highest degree {you have/","DEMO_D","Demographic Variables & Sample Weights",2005,2006,"Demographics","None","DEMO_D"
"DMDFMSIZ","Total number of people in the Family","DEMO_D","Demographic Variables & Sample Weights",2005,2006,"Demographics","None","DEMO_D"
"DMDHHSIZ","Total number of people in the Household","DEMO_D","Demographic Variables & Sample Weights",2005,2006,"Demographics","None","DEMO_D"
"DMDHRAGE","Age in years of the household reference person at the time of HH screening.  Individuals 85 and over are topcoded at 85 years of","DEMO_D","Demographic Variables & Sample Weights",2005,2006,"Demographics","None","DEMO_D"
"DMDHRBRN","In what country {were you/was NON-SP Head} born?","DEMO_D","Demographic Variables & Sample Weights",2005,2006,"Demographics","None","DEMO_D"
"DMDHREDU","What is the highest grade or level of school {you have/NON_SP HEAD has} received?","DEMO_D","Demographic Variables & Sample Weights",2005,2006,"Demographics","None","DEMO_D"
"DMDHRGND","Gender of the household reference person","DEMO_D","Demographic Variables & Sample Weights",2005,2006,"Demographics","None","DEMO_D"
"DMDHRMAR","Marital Status of household reference person","DEMO_D","Demographic Variables & Sample Weights",2005,2006,"Demographics","None","DEMO_D"
"DMDHSEDU","What is the highest grade or level of school {you have/NON-SP SPOUSE has completed or the highest degree {you have/he/she has} r","DEMO_D","Demographic Variables & Sample Weights",2005,2006,"Demographics","None","DEMO_D"
"DMDMARTL","Marital Status","DEMO_D","Demographic Variables & Sample Weights",2005,2006,"Demographics","None","DEMO_D"
"DMDSCHOL","{Are you/Is SP} now . . .","DEMO_D","Demographic Variables & Sample Weights",2005,2006,"Demographics","None","DEMO_D"
"DMDYRSUS","Length of time SP has been in the US.","DEMO_D","Demographic Variables & Sample Weights",2005,2006,"Demographics","None","DEMO_D"
"DMQMILIT","Did {you/SP} ever serve in the Armed Forces of the United States?","DEMO_D","Demographic Variables & Sample Weights",2005,2006,"Demographics","None","DEMO_D"
"FIAINTRP","Was an interpreter used to conduct the Family interview?","DEMO_D","Demographic Variables & Sample Weights",2005,2006,"Demographics","None","DEMO_D"
"FIALANG","Language of the Family Interview Instrument","DEMO_D","Demographic Variables & Sample Weights",2005,2006,"Demographics","None","DEMO_D"
"FIAPROXY","Was a Proxy respondent used in conducting the Family Interview?","DEMO_D","Demographic Variables & Sample Weights",2005,2006,"Demographics","None","DEMO_D"
"INDFMINC","Total family income (reported as a range value in dollars)","DEMO_D","Demographic Variables & Sample Weights",2005,2006,"Demographics","None","DEMO_D"
"INDFMPIR","Poverty income ratio (PIR) - a ratio of family income to poverty threshold","DEMO_D","Demographic Variables & Sample Weights",2005,2006,"Demographics","None","DEMO_D"
"INDHHINC","Total household income (reported as a range value in dollars)","DEMO_D","Demographic Variables & Sample Weights",2005,2006,"Demographics","None","DEMO_D"
"MIAINTRP","Was an interpreter used to conduct the MEC CAPI interview?","DEMO_D","Demographic Variables & Sample Weights",2005,2006,"Demographics","None","DEMO_D"
"MIALANG","Language of the CAPI MEC Interview Instrument","DEMO_D","Demographic Variables & Sample Weights",2005,2006,"Demographics","None","DEMO_D"
"MIAPROXY","Was a Proxy respondent used in conducting the MEC CAPI Interview?","DEMO_D","Demographic Variables & Sample Weights",2005,2006,"Demographics","None","DEMO_D"
"RIAGENDR","Gender of the sample person","DEMO_D","Demographic Variables & Sample Weights",2005,2006,"Demographics","None","DEMO_D"
"RIDAGEEX","Best age in months at date of examination for individuals under 85 years of age at screening.","DEMO_D","Demographic Variables & Sample Weights",2005,2006,"Demographics","None","DEMO_D"
"RIDAGEMN","Best age in months at date of screening for individuals under 85 years of age.","DEMO_D","Demographic Variables & Sample Weights",2005,2006,"Demographics","None","DEMO_D"
"RIDAGEYR","Best age in years of the sample person at time of HH screening.  Individuals 85 and over are topcoded at 85 years of age.","DEMO_D","Demographic Variables & Sample Weights",2005,2006,"Demographics","None","DEMO_D"
"RIDEXMON","Six month time period when the examination was performed - two categories: November 1 through April 30, May 1 through October 31","DEMO_D","Demographic Variables & Sample Weights",2005,2006,"Demographics","None","DEMO_D"
"RIDEXPRG","Pregnancy status at the time of MEC exam.","DEMO_D","Demographic Variables & Sample Weights",2005,2006,"Demographics","None","DEMO_D"
"RIDRETH1","Recode of reported race and ethnicity information.","DEMO_D","Demographic Variables & Sample Weights",2005,2006,"Demographics","None","DEMO_D"
"RIDSTATR","Interview and Examination Status of the Sample Person.","DEMO_D","Demographic Variables & Sample Weights",2005,2006,"Demographics","None","DEMO_D"
"SDDSRVYR","Data Release Number.","DEMO_D","Demographic Variables & Sample Weights",2005,2006,"Demographics","None","DEMO_D"
"SDMVPSU","Masked Variance Unit Pseudo-PSU variable for variance estimation","DEMO_D","Demographic Variables & Sample Weights",2005,2006,"Demographics","None","DEMO_D"
"SDMVSTRA","Masked Variance Unit Pseudo-Stratum variable for variance estimation","DEMO_D","Demographic Variables & Sample Weights",2005,2006,"Demographics","None","DEMO_D"
"SEQN","Respondent sequence number.","DEMO_D","Demographic Variables & Sample Weights",2005,2006,"Demographics","None","DEMO_D"
"SIAINTRP","Was an interpreter used to conduct the Sample Person (SP) interview?","DEMO_D","Demographic Variables & Sample Weights",2005,2006,"Demographics","None","DEMO_D"
"SIALANG","Language of the Sample Person Interview Instrument","DEMO_D","Demographic Variables & Sample Weights",2005,2006,"Demographics","None","DEMO_D"
"SIAPROXY","Was a Proxy respondent used in conducting the Sample Person (SP) interview?","DEMO_D","Demographic Variables & Sample Weights",2005,2006,"Demographics","None","DEMO_D"
"WTINT2YR","Interviewed Sample Persons.","DEMO_D","Demographic Variables & Sample Weights",2005,2006,"Demographics","None","DEMO_D"
"WTMEC2YR","Both Interviewed and MEC Examined Sample Persons.","DEMO_D","Demographic Variables & Sample Weights",2005,2006,"Demographics","None","DEMO_D"
"AIALANG","Language of the MEC ACASI Interview Instrument","DEMO_E","Demographic Variables & Sample Weights",2007,2008,"Demographics","None","DEMO_E"
"DMDBORN2","In what country {were you/was SP} born?","DEMO_E","Demographic Variables & Sample Weights",2007,2008,"Demographics","None","DEMO_E"
"DMDCITZN","{Are you/Is SP} a citizen of the United States? [Information about citizenship is being collected by the U.S. Public Health Serv","DEMO_E","Demographic Variables & Sample Weights",2007,2008,"Demographics","None","DEMO_E"
"DMDEDUC2","(SP Interview Version) What is the highest grade or level of school {you have/SP has} completed or the highest degree {you have/","DEMO_E","Demographic Variables & Sample Weights",2007,2008,"Demographics","None","DEMO_E"
"DMDEDUC3","(SP Interview Version) What is the highest grade or level of school {you have/SP has} completed or the highest degree {you have/","DEMO_E","Demographic Variables & Sample Weights",2007,2008,"Demographics","None","DEMO_E"
"DMDFMSIZ","Total number of people in the Family","DEMO_E","Demographic Variables & Sample Weights",2007,2008,"Demographics","None","DEMO_E"
"DMDHHSIZ","Total number of people in the Household","DEMO_E","Demographic Variables & Sample Weights",2007,2008,"Demographics","None","DEMO_E"
"DMDHRAGE","Age in years of the household reference person at the time of HH screening.  Individuals 80 and over are topcoded at 80 years of","DEMO_E","Demographic Variables & Sample Weights",2007,2008,"Demographics","None","DEMO_E"
"DMDHRBR2","In what country {were you/was NON-SP Head} born?","DEMO_E","Demographic Variables & Sample Weights",2007,2008,"Demographics","None","DEMO_E"
"DMDHREDU","What is the highest grade or level of school {you have/NON_SP HEAD has} received?","DEMO_E","Demographic Variables & Sample Weights",2007,2008,"Demographics","None","DEMO_E"
"DMDHRGND","Gender of the household reference person","DEMO_E","Demographic Variables & Sample Weights",2007,2008,"Demographics","None","DEMO_E"
"DMDHRMAR","Marital Status of household reference person","DEMO_E","Demographic Variables & Sample Weights",2007,2008,"Demographics","None","DEMO_E"
"DMDHSEDU","What is the highest grade or level of school {you have/NON-SP SPOUSE has completed or the highest degree {you have/he/she has} r","DEMO_E","Demographic Variables & Sample Weights",2007,2008,"Demographics","None","DEMO_E"
"DMDMARTL","Marital Status","DEMO_E","Demographic Variables & Sample Weights",2007,2008,"Demographics","None","DEMO_E"
"DMDSCHOL","{Are you/Is SP} now . . .","DEMO_E","Demographic Variables & Sample Weights",2007,2008,"Demographics","None","DEMO_E"
"DMDYRSUS","Length of time SP has been in the US.","DEMO_E","Demographic Variables & Sample Weights",2007,2008,"Demographics","None","DEMO_E"
"DMQMILIT","Did {you/SP} ever serve in the Armed Forces of the United States?","DEMO_E","Demographic Variables & Sample Weights",2007,2008,"Demographics","None","DEMO_E"
"FIAINTRP","Was an interpreter used to conduct the Family interview?","DEMO_E","Demographic Variables & Sample Weights",2007,2008,"Demographics","None","DEMO_E"
"FIALANG","Language of the Family Interview Instrument","DEMO_E","Demographic Variables & Sample Weights",2007,2008,"Demographics","None","DEMO_E"
"FIAPROXY","Was a Proxy respondent used in conducting the Family Interview?","DEMO_E","Demographic Variables & Sample Weights",2007,2008,"Demographics","None","DEMO_E"
"INDFMIN2","Total family income (reported as a range value in dollars)","DEMO_E","Demographic Variables & Sample Weights",2007,2008,"Demographics","None","DEMO_E"
"INDFMPIR","A ratio of family income to poverty threshold","DEMO_E","Demographic Variables & Sample Weights",2007,2008,"Demographics","None","DEMO_E"
"INDHHIN2","Total household income (reported as a range value in dollars)","DEMO_E","Demographic Variables & Sample Weights",2007,2008,"Demographics","None","DEMO_E"
"MIAINTRP","Was an interpreter used to conduct the MEC CAPI interview?","DEMO_E","Demographic Variables & Sample Weights",2007,2008,"Demographics","None","DEMO_E"
"MIALANG","Language of the CAPI MEC Interview Instrument","DEMO_E","Demographic Variables & Sample Weights",2007,2008,"Demographics","None","DEMO_E"
"MIAPROXY","Was a Proxy respondent used in conducting the MEC CAPI Interview?","DEMO_E","Demographic Variables & Sample Weights",2007,2008,"Demographics","None","DEMO_E"
"RIAGENDR","Gender of the sample person","DEMO_E","Demographic Variables & Sample Weights",2007,2008,"Demographics","None","DEMO_E"
"RIDAGEEX","Best age in months at date of examination for individuals under 80 years of age at screening.","DEMO_E","Demographic Variables & Sample Weights",2007,2008,"Demographics","None","DEMO_E"
"RIDAGEMN","Best age in months at date of screening for individuals under 80 years of age.","DEMO_E","Demographic Variables & Sample Weights",2007,2008,"Demographics","None","DEMO_E"
"RIDAGEYR","Best age in years of the sample person at time of HH screening.  Individuals 80 and over are topcoded at 80 years of age.","DEMO_E","Demographic Variables & Sample Weights",2007,2008,"Demographics","None","DEMO_E"
"RIDEXMON","Six month time period when the examination was performed - two categories: November 1 through April 30, May 1 through October 31","DEMO_E","Demographic Variables & Sample Weights",2007,2008,"Demographics","None","DEMO_E"
"RIDEXPRG","Pregnancy status for females between 20 and 44 years of age at the time of MEC exam.","DEMO_E","Demographic Variables & Sample Weights",2007,2008,"Demographics","None","DEMO_E"
"RIDRETH1","Recode of reported race and ethnicity information.","DEMO_E","Demographic Variables & Sample Weights",2007,2008,"Demographics","None","DEMO_E"
"RIDSTATR","Interview and Examination Status of the Sample Person.","DEMO_E","Demographic Variables & Sample Weights",2007,2008,"Demographics","None","DEMO_E"
"SDDSRVYR","Data Release Number.","DEMO_E","Demographic Variables & Sample Weights",2007,2008,"Demographics","None","DEMO_E"
"SDMVPSU","Masked Variance Unit Pseudo-PSU variable for variance estimation","DEMO_E","Demographic Variables & Sample Weights",2007,2008,"Demographics","None","DEMO_E"
"SDMVSTRA","Masked Variance Unit Pseudo-Stratum variable for variance estimation","DEMO_E","Demographic Variables & Sample Weights",2007,2008,"Demographics","None","DEMO_E"
"SEQN","Respondent sequence number.","DEMO_E","Demographic Variables & Sample Weights",2007,2008,"Demographics","None","DEMO_E"
"SIAINTRP","Was an interpreter used to conduct the Sample Person (SP) interview?","DEMO_E","Demographic Variables & Sample Weights",2007,2008,"Demographics","None","DEMO_E"
"SIALANG","Language of the Sample Person Interview Instrument","DEMO_E","Demographic Variables & Sample Weights",2007,2008,"Demographics","None","DEMO_E"
"SIAPROXY","Was a Proxy respondent used in conducting the Sample Person (SP) interview?","DEMO_E","Demographic Variables & Sample Weights",2007,2008,"Demographics","None","DEMO_E"
"WTINT2YR","Interviewed Sample Persons.","DEMO_E","Demographic Variables & Sample Weights",2007,2008,"Demographics","None","DEMO_E"
"WTMEC2YR","Both Interviewed and MEC Examined Sample Persons.","DEMO_E","Demographic Variables & Sample Weights",2007,2008,"Demographics","None","DEMO_E"
"AIALANG","Language of the MEC ACASI Interview Instrument","DEMO_F","Demographic Variables & Sample Weights",2009,2010,"Demographics","None","DEMO_F"
"DMDBORN2","In what country {were you/was SP} born?","DEMO_F","Demographic Variables & Sample Weights",2009,2010,"Demographics","None","DEMO_F"
"DMDCITZN","{Are you/Is SP} a citizen of the United States? [Information about citizenship is being collected by the U.S. Public Health Serv","DEMO_F","Demographic Variables & Sample Weights",2009,2010,"Demographics","None","DEMO_F"
"DMDEDUC2","(SP Interview Version) What is the highest grade or level of school {you have/SP has} completed or the highest degree {you have/","DEMO_F","Demographic Variables & Sample Weights",2009,2010,"Demographics","None","DEMO_F"
"DMDEDUC3","(SP Interview Version) What is the highest grade or level of school {you have/SP has} completed or the highest degree {you have/","DEMO_F","Demographic Variables & Sample Weights",2009,2010,"Demographics","None","DEMO_F"
"DMDFMSIZ","Total number of people in the Family","DEMO_F","Demographic Variables & Sample Weights",2009,2010,"Demographics","None","DEMO_F"
"DMDHHSIZ","Total number of people in the Household","DEMO_F","Demographic Variables & Sample Weights",2009,2010,"Demographics","None","DEMO_F"
"DMDHRAGE","Age in years of the household reference person at the time of HH screening.  Individuals 80 and over are topcoded at 80 years of","DEMO_F","Demographic Variables & Sample Weights",2009,2010,"Demographics","None","DEMO_F"
"DMDHRBR2","In what country {were you/was NON-SP Head} born?","DEMO_F","Demographic Variables & Sample Weights",2009,2010,"Demographics","None","DEMO_F"
"DMDHREDU","What is the highest grade or level of school {you have/NON_SP HEAD has} received?","DEMO_F","Demographic Variables & Sample Weights",2009,2010,"Demographics","None","DEMO_F"
"DMDHRGND","Gender of the household reference person","DEMO_F","Demographic Variables & Sample Weights",2009,2010,"Demographics","None","DEMO_F"
"DMDHRMAR","Marital Status of household reference person","DEMO_F","Demographic Variables & Sample Weights",2009,2010,"Demographics","None","DEMO_F"
"DMDHSEDU","What is the highest grade or level of school {you have/NON-SP SPOUSE has completed or the highest degree {you have/he/she has} r","DEMO_F","Demographic Variables & Sample Weights",2009,2010,"Demographics","None","DEMO_F"
"DMDMARTL","Marital Status","DEMO_F","Demographic Variables & Sample Weights",2009,2010,"Demographics","None","DEMO_F"
"DMDSCHOL","{Are you/Is SP} now . . .","DEMO_F","Demographic Variables & Sample Weights",2009,2010,"Demographics","None","DEMO_F"
"DMDYRSUS","Length of time SP has been in the US.","DEMO_F","Demographic Variables & Sample Weights",2009,2010,"Demographics","None","DEMO_F"
"DMQMILIT","Did {you/SP} ever serve in the Armed Forces of the United States?","DEMO_F","Demographic Variables & Sample Weights",2009,2010,"Demographics","None","DEMO_F"
"FIAINTRP","Was an interpreter used to conduct the Family interview?","DEMO_F","Demographic Variables & Sample Weights",2009,2010,"Demographics","None","DEMO_F"
"FIALANG","Language of the Family Interview Instrument","DEMO_F","Demographic Variables & Sample Weights",2009,2010,"Demographics","None","DEMO_F"
"FIAPROXY","Was a Proxy respondent used in conducting the Family Interview?","DEMO_F","Demographic Variables & Sample Weights",2009,2010,"Demographics","None","DEMO_F"
"INDFMIN2","Total family income (reported as a range value in dollars)","DEMO_F","Demographic Variables & Sample Weights",2009,2010,"Demographics","None","DEMO_F"
"INDFMPIR","A ratio of family income to poverty threshold","DEMO_F","Demographic Variables & Sample Weights",2009,2010,"Demographics","None","DEMO_F"
"INDHHIN2","Total household income (reported as a range value in dollars)","DEMO_F","Demographic Variables & Sample Weights",2009,2010,"Demographics","None","DEMO_F"
"MIAINTRP","Was an interpreter used to conduct the MEC CAPI interview?","DEMO_F","Demographic Variables & Sample Weights",2009,2010,"Demographics","None","DEMO_F"
"MIALANG","Language of the CAPI MEC Interview Instrument","DEMO_F","Demographic Variables & Sample Weights",2009,2010,"Demographics","None","DEMO_F"
"MIAPROXY","Was a Proxy respondent used in conducting the MEC CAPI Interview?","DEMO_F","Demographic Variables & Sample Weights",2009,2010,"Demographics","None","DEMO_F"
"RIAGENDR","Gender of the sample person","DEMO_F","Demographic Variables & Sample Weights",2009,2010,"Demographics","None","DEMO_F"
"RIDAGEEX","Best age in months at date of examination for individuals under 80 years of age at the time of MEC exam.","DEMO_F","Demographic Variables & Sample Weights",2009,2010,"Demographics","None","DEMO_F"
"RIDAGEMN","Best age in months at date of screening for individuals under 80 years of age.","DEMO_F","Demographic Variables & Sample Weights",2009,2010,"Demographics","None","DEMO_F"
"RIDAGEYR","Best age in years of the sample person at time of HH screening.  Individuals 80 and over are topcoded at 80 years of age.","DEMO_F","Demographic Variables & Sample Weights",2009,2010,"Demographics","None","DEMO_F"
"RIDEXMON","Six month time period when the examination was performed - two categories: November 1 through April 30, May 1 through October 31","DEMO_F","Demographic Variables & Sample Weights",2009,2010,"Demographics","None","DEMO_F"
"RIDEXPRG","Pregnancy status for females between 20 and 44 years of age at the time of MEC exam.","DEMO_F","Demographic Variables & Sample Weights",2009,2010,"Demographics","None","DEMO_F"
"RIDRETH1","Recode of reported race and ethnicity information.","DEMO_F","Demographic Variables & Sample Weights",2009,2010,"Demographics","None","DEMO_F"
"RIDSTATR","Interview and Examination Status of the Sample Person.","DEMO_F","Demographic Variables & Sample Weights",2009,2010,"Demographics","None","DEMO_F"
"SDDSRVYR","Data Release Number.","DEMO_F","Demographic Variables & Sample Weights",2009,2010,"Demographics","None","DEMO_F"
"SDMVPSU","Masked Variance Unit Pseudo-PSU variable for variance estimation","DEMO_F","Demographic Variables & Sample Weights",2009,2010,"Demographics","None","DEMO_F"
"SDMVSTRA","Masked Variance Unit Pseudo-Stratum variable for variance estimation","DEMO_F","Demographic Variables & Sample Weights",2009,2010,"Demographics","None","DEMO_F"
"SEQN","Respondent sequence number.","DEMO_F","Demographic Variables & Sample Weights",2009,2010,"Demographics","None","DEMO_F"
"SIAINTRP","Was an interpreter used to conduct the Sample Person (SP) interview?","DEMO_F","Demographic Variables & Sample Weights",2009,2010,"Demographics","None","DEMO_F"
"SIALANG","Language of the Sample Person Interview Instrument","DEMO_F","Demographic Variables & Sample Weights",2009,2010,"Demographics","None","DEMO_F"
"SIAPROXY","Was a Proxy respondent used in conducting the Sample Person (SP) interview?","DEMO_F","Demographic Variables & Sample Weights",2009,2010,"Demographics","None","DEMO_F"
"WTINT2YR","Interviewed Sample Persons.","DEMO_F","Demographic Variables & Sample Weights",2009,2010,"Demographics","None","DEMO_F"
"WTMEC2YR","Both Interviewed and MEC Examined Sample Persons.","DEMO_F","Demographic Variables & Sample Weights",2009,2010,"Demographics","None","DEMO_F"
"AIALANGA","Language of the MEC ACASI Interview Instrument","DEMO_G","Demographic Variables & Sample Weights",2011,2012,"Demographics","None","DEMO_G"
"DMDBORN4","In what country {were you/was SP} born?","DEMO_G","Demographic Variables & Sample Weights",2011,2012,"Demographics","None","DEMO_G"
"DMDCITZN","{Are you/Is SP} a citizen of the United States? [Information about citizenship is being collected by the U.S. Public Health Serv","DEMO_G","Demographic Variables & Sample Weights",2011,2012,"Demographics","None","DEMO_G"
"DMDEDUC2","What is the highest grade or level of school {you have/SP has} completed or the highest degree {you have/s/he has} received?","DEMO_G","Demographic Variables & Sample Weights",2011,2012,"Demographics","None","DEMO_G"
"DMDEDUC3","What is the highest grade or level of school {you have/SP has} completed or the highest degree {you have/s/he has} received?","DEMO_G","Demographic Variables & Sample Weights",2011,2012,"Demographics","None","DEMO_G"
"DMDFMSIZ","Total number of people in the Family","DEMO_G","Demographic Variables & Sample Weights",2011,2012,"Demographics","None","DEMO_G"
"DMDHHSIZ","Total number of people in the Household","DEMO_G","Demographic Variables & Sample Weights",2011,2012,"Demographics","None","DEMO_G"
"DMDHHSZA","Number of children aged 5 years or younger in the household","DEMO_G","Demographic Variables & Sample Weights",2011,2012,"Demographics","None","DEMO_G"
"DMDHHSZB","Number of children aged 6-17 years old in the household","DEMO_G","Demographic Variables & Sample Weights",2011,2012,"Demographics","None","DEMO_G"
"DMDHHSZE","Number of adults aged 60 years or older in the household","DEMO_G","Demographic Variables & Sample Weights",2011,2012,"Demographics","None","DEMO_G"
"DMDHRAGE","HH reference person's age in years","DEMO_G","Demographic Variables & Sample Weights",2011,2012,"Demographics","None","DEMO_G"
"DMDHRBR4","HH reference person's country of birth","DEMO_G","Demographic Variables & Sample Weights",2011,2012,"Demographics","None","DEMO_G"
"DMDHREDU","HH reference person's education level","DEMO_G","Demographic Variables & Sample Weights",2011,2012,"Demographics","None","DEMO_G"
"DMDHRGND","HH reference person's gender","DEMO_G","Demographic Variables & Sample Weights",2011,2012,"Demographics","None","DEMO_G"
"DMDHRMAR","HH reference person's marital status","DEMO_G","Demographic Variables & Sample Weights",2011,2012,"Demographics","None","DEMO_G"
"DMDHSEDU","HH reference person's spouse's education level","DEMO_G","Demographic Variables & Sample Weights",2011,2012,"Demographics","None","DEMO_G"
"DMDMARTL","Marital status","DEMO_G","Demographic Variables & Sample Weights",2011,2012,"Demographics","None","DEMO_G"
"DMDYRSUS","Length of time the participant has been in the US.","DEMO_G","Demographic Variables & Sample Weights",2011,2012,"Demographics","None","DEMO_G"
"DMQADFC","Did {you/SP} ever serve in a foreign country during a time of armed conflict or on a humanitarian or peace-keeping mission? (Thi","DEMO_G","Demographic Variables & Sample Weights",2011,2012,"Demographics","None","DEMO_G"
"DMQMILIZ","{Have you/Has SP} ever served on active duty in the U.S. Armed Forces, military Reserves, or National Guard? (Active duty does n","DEMO_G","Demographic Variables & Sample Weights",2011,2012,"Demographics","None","DEMO_G"
"FIAINTRP","Was an interpreter used to conduct the Family interview?","DEMO_G","Demographic Variables & Sample Weights",2011,2012,"Demographics","None","DEMO_G"
"FIALANG","Language of the Family Interview Instrument","DEMO_G","Demographic Variables & Sample Weights",2011,2012,"Demographics","None","DEMO_G"
"FIAPROXY","Was a Proxy respondent used in conducting the Family Interview?","DEMO_G","Demographic Variables & Sample Weights",2011,2012,"Demographics","None","DEMO_G"
"INDFMIN2","Total family income (reported as a range value in dollars)","DEMO_G","Demographic Variables & Sample Weights",2011,2012,"Demographics","None","DEMO_G"
"INDFMPIR","A ratio of family income to poverty guidelines.","DEMO_G","Demographic Variables & Sample Weights",2011,2012,"Demographics","None","DEMO_G"
"INDHHIN2","Total household income (reported as a range value in dollars)","DEMO_G","Demographic Variables & Sample Weights",2011,2012,"Demographics","None","DEMO_G"
"MIAINTRP","Was an interpreter used to conduct the MEC CAPI interview?","DEMO_G","Demographic Variables & Sample Weights",2011,2012,"Demographics","None","DEMO_G"
"MIALANG","Language of the MEC CAPI Interview Instrument","DEMO_G","Demographic Variables & Sample Weights",2011,2012,"Demographics","None","DEMO_G"
"MIAPROXY","Was a Proxy respondent used in conducting the MEC CAPI Interview?","DEMO_G","Demographic Variables & Sample Weights",2011,2012,"Demographics","None","DEMO_G"
"RIAGENDR","Gender of the participant.","DEMO_G","Demographic Variables & Sample Weights",2011,2012,"Demographics","None","DEMO_G"
"RIDAGEMN","Age in months of the participant at the time of screening. Reported for persons aged 24 months or younger at the time of exam (o","DEMO_G","Demographic Variables & Sample Weights",2011,2012,"Demographics","None","DEMO_G"
"RIDAGEYR","Age in years of the participant at the time of screening. Individuals 80 and over are topcoded at 80 years of age.","DEMO_G","Demographic Variables & Sample Weights",2011,2012,"Demographics","None","DEMO_G"
"RIDEXAGM","Age in months of the participant at the time of examination. Reported for persons aged 19 years or younger at the time of examin","DEMO_G","Demographic Variables & Sample Weights",2011,2012,"Demographics","None","DEMO_G"
"RIDEXAGY","Age in years of the participant at the time of examination. Reported for persons aged 2-19 years at the time of screening.","DEMO_G","Demographic Variables & Sample Weights",2011,2012,"Demographics","None","DEMO_G"
"RIDEXMON","Six month time period when the examination was performed - two categories: November 1 through April 30, May 1 through October 31","DEMO_G","Demographic Variables & Sample Weights",2011,2012,"Demographics","None","DEMO_G"
"RIDEXPRG","Pregnancy status for females between 20 and 44 years of age at the time of MEC exam.","DEMO_G","Demographic Variables & Sample Weights",2011,2012,"Demographics","None","DEMO_G"
"RIDRETH1","Recode of reported race and Hispanic origin information","DEMO_G","Demographic Variables & Sample Weights",2011,2012,"Demographics","None","DEMO_G"
"RIDRETH3","Recode of reported race and Hispanic origin information, with Non-Hispanic Asian Category","DEMO_G","Demographic Variables & Sample Weights",2011,2012,"Demographics","None","DEMO_G"
"RIDSTATR","Interview and examination status of the participant.","DEMO_G","Demographic Variables & Sample Weights",2011,2012,"Demographics","None","DEMO_G"
"SDDSRVYR","Data release cycle","DEMO_G","Demographic Variables & Sample Weights",2011,2012,"Demographics","None","DEMO_G"
"SDMVPSU","Masked variance unit pseudo-PSU variable for variance estimation","DEMO_G","Demographic Variables & Sample Weights",2011,2012,"Demographics","None","DEMO_G"
"SDMVSTRA","Masked variance unit pseudo-stratum variable for variance estimation","DEMO_G","Demographic Variables & Sample Weights",2011,2012,"Demographics","None","DEMO_G"
"SEQN","Respondent sequence number.","DEMO_G","Demographic Variables & Sample Weights",2011,2012,"Demographics","None","DEMO_G"
"SIAINTRP","Was an interpreter used to conduct the Sample Person (SP) interview?","DEMO_G","Demographic Variables & Sample Weights",2011,2012,"Demographics","None","DEMO_G"
"SIALANG","Language of the Sample Person Interview Instrument","DEMO_G","Demographic Variables & Sample Weights",2011,2012,"Demographics","None","DEMO_G"
"SIAPROXY","Was a Proxy respondent used in conducting the Sample Person (SP) interview?","DEMO_G","Demographic Variables & Sample Weights",2011,2012,"Demographics","None","DEMO_G"
"WTINT2YR","Interviewed participants.","DEMO_G","Demographic Variables & Sample Weights",2011,2012,"Demographics","None","DEMO_G"
"WTMEC2YR","Both interviewed and MEC examined participants.","DEMO_G","Demographic Variables & Sample Weights",2011,2012,"Demographics","None","DEMO_G"
"AIALANGA","Language of the MEC ACASI Interview Instrument","DEMO_H","Demographic Variables and Sample Weights",2013,2014,"Demographics","None","DEMO_H"
"DMDBORN4","In what country {were you/was SP} born?","DEMO_H","Demographic Variables and Sample Weights",2013,2014,"Demographics","None","DEMO_H"
"DMDCITZN","{Are you/Is SP} a citizen of the United States? [Information about citizenship is being collected by the U.S. Public Health Serv","DEMO_H","Demographic Variables and Sample Weights",2013,2014,"Demographics","None","DEMO_H"
"DMDEDUC2","What is the highest grade or level of school {you have/SP has} completed or the highest degree {you have/s/he has} received?","DEMO_H","Demographic Variables and Sample Weights",2013,2014,"Demographics","None","DEMO_H"
"DMDEDUC3","What is the highest grade or level of school {you have/SP has} completed or the highest degree {you have/s/he has} received?","DEMO_H","Demographic Variables and Sample Weights",2013,2014,"Demographics","None","DEMO_H"
"DMDFMSIZ","Total number of people in the Family","DEMO_H","Demographic Variables and Sample Weights",2013,2014,"Demographics","None","DEMO_H"
"DMDHHSIZ","Total number of people in the Household","DEMO_H","Demographic Variables and Sample Weights",2013,2014,"Demographics","None","DEMO_H"
"DMDHHSZA","Number of children aged 5 years or younger in the household","DEMO_H","Demographic Variables and Sample Weights",2013,2014,"Demographics","None","DEMO_H"
"DMDHHSZB","Number of children aged 6-17 years old in the household","DEMO_H","Demographic Variables and Sample Weights",2013,2014,"Demographics","None","DEMO_H"
"DMDHHSZE","Number of adults aged 60 years or older in the household","DEMO_H","Demographic Variables and Sample Weights",2013,2014,"Demographics","None","DEMO_H"
"DMDHRAGE","HH reference person's age in years","DEMO_H","Demographic Variables and Sample Weights",2013,2014,"Demographics","None","DEMO_H"
"DMDHRBR4","HH reference person's country of birth","DEMO_H","Demographic Variables and Sample Weights",2013,2014,"Demographics","None","DEMO_H"
"DMDHREDU","HH reference person's education level","DEMO_H","Demographic Variables and Sample Weights",2013,2014,"Demographics","None","DEMO_H"
"DMDHRGND","HH reference person's gender","DEMO_H","Demographic Variables and Sample Weights",2013,2014,"Demographics","None","DEMO_H"
"DMDHRMAR","HH reference person's marital status","DEMO_H","Demographic Variables and Sample Weights",2013,2014,"Demographics","None","DEMO_H"
"DMDHSEDU","HH reference person's spouse's education level","DEMO_H","Demographic Variables and Sample Weights",2013,2014,"Demographics","None","DEMO_H"
"DMDMARTL","Marital status","DEMO_H","Demographic Variables and Sample Weights",2013,2014,"Demographics","None","DEMO_H"
"DMDYRSUS","Length of time the participant has been in the US.","DEMO_H","Demographic Variables and Sample Weights",2013,2014,"Demographics","None","DEMO_H"
"DMQADFC","Did {you/SP} ever serve in a foreign country during a time of armed conflict or on a humanitarian or peace-keeping mission? (Thi","DEMO_H","Demographic Variables and Sample Weights",2013,2014,"Demographics","None","DEMO_H"
"DMQMILIZ","{Have you/Has SP} ever served on active duty in the U.S. Armed Forces, military Reserves, or National Guard? (Active duty does n","DEMO_H","Demographic Variables and Sample Weights",2013,2014,"Demographics","None","DEMO_H"
"FIAINTRP","Was an interpreter used to conduct the Family interview?","DEMO_H","Demographic Variables and Sample Weights",2013,2014,"Demographics","None","DEMO_H"
"FIALANG","Language of the Family Interview Instrument","DEMO_H","Demographic Variables and Sample Weights",2013,2014,"Demographics","None","DEMO_H"
"FIAPROXY","Was a Proxy respondent used in conducting the Family Interview?","DEMO_H","Demographic Variables and Sample Weights",2013,2014,"Demographics","None","DEMO_H"
"INDFMIN2","Total family income (reported as a range value in dollars)","DEMO_H","Demographic Variables and Sample Weights",2013,2014,"Demographics","None","DEMO_H"
"INDFMPIR","A ratio of family income to poverty guidelines.","DEMO_H","Demographic Variables and Sample Weights",2013,2014,"Demographics","None","DEMO_H"
"INDHHIN2","Total household income (reported as a range value in dollars)","DEMO_H","Demographic Variables and Sample Weights",2013,2014,"Demographics","None","DEMO_H"
"MIAINTRP","Was an interpreter used to conduct the MEC CAPI interview?","DEMO_H","Demographic Variables and Sample Weights",2013,2014,"Demographics","None","DEMO_H"
"MIALANG","Language of the MEC CAPI Interview Instrument","DEMO_H","Demographic Variables and Sample Weights",2013,2014,"Demographics","None","DEMO_H"
"MIAPROXY","Was a Proxy respondent used in conducting the MEC CAPI Interview?","DEMO_H","Demographic Variables and Sample Weights",2013,2014,"Demographics","None","DEMO_H"
"RIAGENDR","Gender of the participant.","DEMO_H","Demographic Variables and Sample Weights",2013,2014,"Demographics","None","DEMO_H"
"RIDAGEMN","Age in months of the participant at the time of screening. Reported for persons aged 24 months or younger at the time of exam (o","DEMO_H","Demographic Variables and Sample Weights",2013,2014,"Demographics","None","DEMO_H"
"RIDAGEYR","Age in years of the participant at the time of screening. Individuals 80 and over are topcoded at 80 years of age.","DEMO_H","Demographic Variables and Sample Weights",2013,2014,"Demographics","None","DEMO_H"
"RIDEXAGM","Age in months of the participant at the time of examination. Reported for persons aged 19 years or younger at the time of examin","DEMO_H","Demographic Variables and Sample Weights",2013,2014,"Demographics","None","DEMO_H"
"RIDEXMON","Six month time period when the examination was performed - two categories: November 1 through April 30, May 1 through October 31","DEMO_H","Demographic Variables and Sample Weights",2013,2014,"Demographics","None","DEMO_H"
"RIDEXPRG","Pregnancy status for females between 20 and 44 years of age at the time of MEC exam.","DEMO_H","Demographic Variables and Sample Weights",2013,2014,"Demographics","None","DEMO_H"
"RIDRETH1","Recode of reported race and Hispanic origin information","DEMO_H","Demographic Variables and Sample Weights",2013,2014,"Demographics","None","DEMO_H"
"RIDRETH3","Recode of reported race and Hispanic origin information, with Non-Hispanic Asian Category","DEMO_H","Demographic Variables and Sample Weights",2013,2014,"Demographics","None","DEMO_H"
"RIDSTATR","Interview and examination status of the participant.","DEMO_H","Demographic Variables and Sample Weights",2013,2014,"Demographics","None","DEMO_H"
"SDDSRVYR","Data release cycle","DEMO_H","Demographic Variables and Sample Weights",2013,2014,"Demographics","None","DEMO_H"
"SDMVPSU","Masked variance unit pseudo-PSU variable for variance estimation","DEMO_H","Demographic Variables and Sample Weights",2013,2014,"Demographics","None","DEMO_H"
"SDMVSTRA","Masked variance unit pseudo-stratum variable for variance estimation","DEMO_H","Demographic Variables and Sample Weights",2013,2014,"Demographics","None","DEMO_H"
"SEQN","Respondent sequence number.","DEMO_H","Demographic Variables and Sample Weights",2013,2014,"Demographics","None","DEMO_H"
"SIAINTRP","Was an interpreter used to conduct the Sample Person (SP) interview?","DEMO_H","Demographic Variables and Sample Weights",2013,2014,"Demographics","None","DEMO_H"
"SIALANG","Language of the Sample Person Interview Instrument","DEMO_H","Demographic Variables and Sample Weights",2013,2014,"Demographics","None","DEMO_H"
"SIAPROXY","Was a Proxy respondent used in conducting the Sample Person (SP) interview?","DEMO_H","Demographic Variables and Sample Weights",2013,2014,"Demographics","None","DEMO_H"
"WTINT2YR","Full sample 2 year interview weight.","DEMO_H","Demographic Variables and Sample Weights",2013,2014,"Demographics","None","DEMO_H"
"WTMEC2YR","Full sample 2 year MEC exam weight.","DEMO_H","Demographic Variables and Sample Weights",2013,2014,"Demographics","None","DEMO_H"
"AIALANGA","Language of the MEC ACASI Interview Instrument","DEMO_I","Demographic Variables and Sample Weights",2015,2016,"Demographics","None","DEMO_I"
"DMDBORN4","In what country {were you/was SP} born?","DEMO_I","Demographic Variables and Sample Weights",2015,2016,"Demographics","None","DEMO_I"
"DMDCITZN","{Are you/Is SP} a citizen of the United States? [Information about citizenship is being collected by the U.S. Public Health Serv","DEMO_I","Demographic Variables and Sample Weights",2015,2016,"Demographics","None","DEMO_I"
"DMDEDUC2","What is the highest grade or level of school {you have/SP has} completed or the highest degree {you have/s/he has} received?","DEMO_I","Demographic Variables and Sample Weights",2015,2016,"Demographics","None","DEMO_I"
"DMDEDUC3","What is the highest grade or level of school {you have/SP has} completed or the highest degree {you have/s/he has} received?","DEMO_I","Demographic Variables and Sample Weights",2015,2016,"Demographics","None","DEMO_I"
"DMDFMSIZ","Total number of people in the Family","DEMO_I","Demographic Variables and Sample Weights",2015,2016,"Demographics","None","DEMO_I"
"DMDHHSIZ","Total number of people in the Household","DEMO_I","Demographic Variables and Sample Weights",2015,2016,"Demographics","None","DEMO_I"
"DMDHHSZA","Number of children aged 5 years or younger in the household","DEMO_I","Demographic Variables and Sample Weights",2015,2016,"Demographics","None","DEMO_I"
"DMDHHSZB","Number of children aged 6-17 years old in the household","DEMO_I","Demographic Variables and Sample Weights",2015,2016,"Demographics","None","DEMO_I"
"DMDHHSZE","Number of adults aged 60 years or older in the household","DEMO_I","Demographic Variables and Sample Weights",2015,2016,"Demographics","None","DEMO_I"
"DMDHRAGE","HH reference person's age in years","DEMO_I","Demographic Variables and Sample Weights",2015,2016,"Demographics","None","DEMO_I"
"DMDHRBR4","HH reference person's country of birth","DEMO_I","Demographic Variables and Sample Weights",2015,2016,"Demographics","None","DEMO_I"
"DMDHREDU","HH reference person's education level","DEMO_I","Demographic Variables and Sample Weights",2015,2016,"Demographics","None","DEMO_I"
"DMDHRGND","HH reference person's gender","DEMO_I","Demographic Variables and Sample Weights",2015,2016,"Demographics","None","DEMO_I"
"DMDHRMAR","HH reference person's marital status","DEMO_I","Demographic Variables and Sample Weights",2015,2016,"Demographics","None","DEMO_I"
"DMDHSEDU","HH reference person's spouse's education level","DEMO_I","Demographic Variables and Sample Weights",2015,2016,"Demographics","None","DEMO_I"
"DMDMARTL","Marital status","DEMO_I","Demographic Variables and Sample Weights",2015,2016,"Demographics","None","DEMO_I"
"DMDYRSUS","Length of time the participant has been in the US.","DEMO_I","Demographic Variables and Sample Weights",2015,2016,"Demographics","None","DEMO_I"
"DMQADFC","Did {you/SP} ever serve in a foreign country during a time of armed conflict or on a humanitarian or peace-keeping mission? (Thi","DEMO_I","Demographic Variables and Sample Weights",2015,2016,"Demographics","None","DEMO_I"
"DMQMILIZ","{Have you/Has SP} ever served on active duty in the U.S. Armed Forces, military Reserves, or National Guard? (Active duty does n","DEMO_I","Demographic Variables and Sample Weights",2015,2016,"Demographics","None","DEMO_I"
"FIAINTRP","Was an interpreter used to conduct the Family interview?","DEMO_I","Demographic Variables and Sample Weights",2015,2016,"Demographics","None","DEMO_I"
"FIALANG","Language of the Family Interview Instrument","DEMO_I","Demographic Variables and Sample Weights",2015,2016,"Demographics","None","DEMO_I"
"FIAPROXY","Was a Proxy respondent used in conducting the Family Interview?","DEMO_I","Demographic Variables and Sample Weights",2015,2016,"Demographics","None","DEMO_I"
"INDFMIN2","Total family income (reported as a range value in dollars)","DEMO_I","Demographic Variables and Sample Weights",2015,2016,"Demographics","None","DEMO_I"
"INDFMPIR","A ratio of family income to poverty guidelines.","DEMO_I","Demographic Variables and Sample Weights",2015,2016,"Demographics","None","DEMO_I"
"INDHHIN2","Total household income (reported as a range value in dollars)","DEMO_I","Demographic Variables and Sample Weights",2015,2016,"Demographics","None","DEMO_I"
"MIAINTRP","Was an interpreter used to conduct the MEC CAPI interview?","DEMO_I","Demographic Variables and Sample Weights",2015,2016,"Demographics","None","DEMO_I"
"MIALANG","Language of the MEC CAPI Interview Instrument","DEMO_I","Demographic Variables and Sample Weights",2015,2016,"Demographics","None","DEMO_I"
"MIAPROXY","Was a Proxy respondent used in conducting the MEC CAPI Interview?","DEMO_I","Demographic Variables and Sample Weights",2015,2016,"Demographics","None","DEMO_I"
"RIAGENDR","Gender of the participant.","DEMO_I","Demographic Variables and Sample Weights",2015,2016,"Demographics","None","DEMO_I"
"RIDAGEMN","Age in months of the participant at the time of screening. Reported for persons aged 24 months or younger at the time of exam (o","DEMO_I","Demographic Variables and Sample Weights",2015,2016,"Demographics","None","DEMO_I"
"RIDAGEYR","Age in years of the participant at the time of screening. Individuals 80 and over are topcoded at 80 years of age.","DEMO_I","Demographic Variables and Sample Weights",2015,2016,"Demographics","None","DEMO_I"
"RIDEXAGM","Age in months of the participant at the time of examination. Reported for persons aged 19 years or younger at the time of examin","DEMO_I","Demographic Variables and Sample Weights",2015,2016,"Demographics","None","DEMO_I"
"RIDEXMON","Six month time period when the examination was performed - two categories: November 1 through April 30, May 1 through October 31","DEMO_I","Demographic Variables and Sample Weights",2015,2016,"Demographics","None","DEMO_I"
"RIDEXPRG","Pregnancy status for females between 20 and 44 years of age at the time of MEC exam.","DEMO_I","Demographic Variables and Sample Weights",2015,2016,"Demographics","None","DEMO_I"
"RIDRETH1","Recode of reported race and Hispanic origin information","DEMO_I","Demographic Variables and Sample Weights",2015,2016,"Demographics","None","DEMO_I"
"RIDRETH3","Recode of reported race and Hispanic origin information, with Non-Hispanic Asian Category","DEMO_I","Demographic Variables and Sample Weights",2015,2016,"Demographics","None","DEMO_I"
"RIDSTATR","Interview and examination status of the participant.","DEMO_I","Demographic Variables and Sample Weights",2015,2016,"Demographics","None","DEMO_I"
"SDDSRVYR","Data release cycle","DEMO_I","Demographic Variables and Sample Weights",2015,2016,"Demographics","None","DEMO_I"
"SDMVPSU","Masked variance unit pseudo-PSU variable for variance estimation","DEMO_I","Demographic Variables and Sample Weights",2015,2016,"Demographics","None","DEMO_I"
"SDMVSTRA","Masked variance unit pseudo-stratum variable for variance estimation","DEMO_I","Demographic Variables and Sample Weights",2015,2016,"Demographics","None","DEMO_I"
"SEQN","Respondent sequence number.","DEMO_I","Demographic Variables and Sample Weights",2015,2016,"Demographics","None","DEMO_I"
"SIAINTRP","Was an interpreter used to conduct the Sample Person (SP) interview?","DEMO_I","Demographic Variables and Sample Weights",2015,2016,"Demographics","None","DEMO_I"
"SIALANG","Language of the Sample Person Interview Instrument","DEMO_I","Demographic Variables and Sample Weights",2015,2016,"Demographics","None","DEMO_I"
"SIAPROXY","Was a Proxy respondent used in conducting the Sample Person (SP) interview?","DEMO_I","Demographic Variables and Sample Weights",2015,2016,"Demographics","None","DEMO_I"
"WTINT2YR","Full sample 2 year interview weight.","DEMO_I","Demographic Variables and Sample Weights",2015,2016,"Demographics","None","DEMO_I"
"WTMEC2YR","Full sample 2 year MEC exam weight.","DEMO_I","Demographic Variables and Sample Weights",2015,2016,"Demographics","None","DEMO_I"
"AIALANGA","Language of the MEC ACASI Interview Instrument","DEMO_J","Demographic Variables and Sample Weights",2017,2018,"Demographics","None","DEMO_J"
"DMDBORN4","In what country {were you/was SP} born?","DEMO_J","Demographic Variables and Sample Weights",2017,2018,"Demographics","None","DEMO_J"
"DMDCITZN","{Are you/Is SP} a citizen of the United States? [Information about citizenship is being collected by the U.S. Public Health Serv","DEMO_J","Demographic Variables and Sample Weights",2017,2018,"Demographics","None","DEMO_J"
"DMDEDUC2","What is the highest grade or level of school {you have/SP has} completed or the highest degree {you have/s/he has} received?","DEMO_J","Demographic Variables and Sample Weights",2017,2018,"Demographics","None","DEMO_J"
"DMDEDUC3","What is the highest grade or level of school {you have/SP has} completed or the highest degree {you have/s/he has} received?","DEMO_J","Demographic Variables and Sample Weights",2017,2018,"Demographics","None","DEMO_J"
"DMDFMSIZ","Total number of people in the Family","DEMO_J","Demographic Variables and Sample Weights",2017,2018,"Demographics","None","DEMO_J"
"DMDHHSIZ","Total number of people in the Household","DEMO_J","Demographic Variables and Sample Weights",2017,2018,"Demographics","None","DEMO_J"
"DMDHHSZA","Number of children aged 5 years or younger in the household","DEMO_J","Demographic Variables and Sample Weights",2017,2018,"Demographics","None","DEMO_J"
"DMDHHSZB","Number of children aged 6-17 years old in the household","DEMO_J","Demographic Variables and Sample Weights",2017,2018,"Demographics","None","DEMO_J"
"DMDHHSZE","Number of adults aged 60 years or older in the household","DEMO_J","Demographic Variables and Sample Weights",2017,2018,"Demographics","None","DEMO_J"
"DMDHRAGZ","HH reference person's age in years","DEMO_J","Demographic Variables and Sample Weights",2017,2018,"Demographics","None","DEMO_J"
"DMDHREDZ","HH reference person's education level","DEMO_J","Demographic Variables and Sample Weights",2017,2018,"Demographics","None","DEMO_J"
"DMDHRGND","HH reference person's gender","DEMO_J","Demographic Variables and Sample Weights",2017,2018,"Demographics","None","DEMO_J"
"DMDHRMAZ","HH reference person's marital status","DEMO_J","Demographic Variables and Sample Weights",2017,2018,"Demographics","None","DEMO_J"
"DMDHSEDZ","HH reference person's spouse's education level","DEMO_J","Demographic Variables and Sample Weights",2017,2018,"Demographics","None","DEMO_J"
"DMDMARTL","Marital status","DEMO_J","Demographic Variables and Sample Weights",2017,2018,"Demographics","None","DEMO_J"
"DMDYRSUS","Length of time the participant has been in the US.","DEMO_J","Demographic Variables and Sample Weights",2017,2018,"Demographics","None","DEMO_J"
"DMQADFC","Did {you/SP} ever serve in a foreign country during a time of armed conflict or on a humanitarian or peace-keeping mission? (Thi","DEMO_J","Demographic Variables and Sample Weights",2017,2018,"Demographics","None","DEMO_J"
"DMQMILIZ","{Have you/Has SP} ever served on active duty in the U.S. Armed Forces, military Reserves, or National Guard? (Active duty does n","DEMO_J","Demographic Variables and Sample Weights",2017,2018,"Demographics","None","DEMO_J"
"FIAINTRP","Was an interpreter used to conduct the Family interview?","DEMO_J","Demographic Variables and Sample Weights",2017,2018,"Demographics","None","DEMO_J"
"FIALANG","Language of the Family Interview Instrument","DEMO_J","Demographic Variables and Sample Weights",2017,2018,"Demographics","None","DEMO_J"
"FIAPROXY","Was a Proxy respondent used in conducting the Family Interview?","DEMO_J","Demographic Variables and Sample Weights",2017,2018,"Demographics","None","DEMO_J"
"INDFMIN2","Total family income (reported as a range value in dollars)","DEMO_J","Demographic Variables and Sample Weights",2017,2018,"Demographics","None","DEMO_J"
"INDFMPIR","A ratio of family income to poverty guidelines.","DEMO_J","Demographic Variables and Sample Weights",2017,2018,"Demographics","None","DEMO_J"
"INDHHIN2","Total household income (reported as a range value in dollars)","DEMO_J","Demographic Variables and Sample Weights",2017,2018,"Demographics","None","DEMO_J"
"MIAINTRP","Was an interpreter used to conduct the MEC CAPI interview?","DEMO_J","Demographic Variables and Sample Weights",2017,2018,"Demographics","None","DEMO_J"
"MIALANG","Language of the MEC CAPI Interview Instrument","DEMO_J","Demographic Variables and Sample Weights",2017,2018,"Demographics","None","DEMO_J"
"MIAPROXY","Was a Proxy respondent used in conducting the MEC CAPI Interview?","DEMO_J","Demographic Variables and Sample Weights",2017,2018,"Demographics","None","DEMO_J"
"RIAGENDR","Gender of the participant.","DEMO_J","Demographic Variables and Sample Weights",2017,2018,"Demographics","None","DEMO_J"
"RIDAGEMN","Age in months of the participant at the time of screening. Reported for persons aged 24 months or younger at the time of exam (o","DEMO_J","Demographic Variables and Sample Weights",2017,2018,"Demographics","None","DEMO_J"
"RIDAGEYR","Age in years of the participant at the time of screening. Individuals 80 and over are topcoded at 80 years of age.","DEMO_J","Demographic Variables and Sample Weights",2017,2018,"Demographics","None","DEMO_J"
"RIDEXAGM","Age in months of the participant at the time of examination. Reported for persons aged 19 years or younger at the time of examin","DEMO_J","Demographic Variables and Sample Weights",2017,2018,"Demographics","None","DEMO_J"
"RIDEXMON","Six month time period when the examination was performed - two categories: November 1 through April 30, May 1 through October 31","DEMO_J","Demographic Variables and Sample Weights",2017,2018,"Demographics","None","DEMO_J"
"RIDEXPRG","Pregnancy status for females between 20 and 44 years of age at the time of MEC exam.","DEMO_J","Demographic Variables and Sample Weights",2017,2018,"Demographics","None","DEMO_J"
"RIDRETH1","Recode of reported race and Hispanic origin information","DEMO_J","Demographic Variables and Sample Weights",2017,2018,"Demographics","None","DEMO_J"
"RIDRETH3","Recode of reported race and Hispanic origin information, with Non-Hispanic Asian Category","DEMO_J","Demographic Variables and Sample Weights",2017,2018,"Demographics","None","DEMO_J"
"RIDSTATR","Interview and examination status of the participant.","DEMO_J","Demographic Variables and Sample Weights",2017,2018,"Demographics","None","DEMO_J"
"SDDSRVYR","Data release cycle","DEMO_J","Demographic Variables and Sample Weights",2017,2018,"Demographics","None","DEMO_J"
"SDMVPSU","Masked variance unit pseudo-PSU variable for variance estimation","DEMO_J","Demographic Variables and Sample Weights",2017,2018,"Demographics","None","DEMO_J"
"SDMVSTRA","Masked variance unit pseudo-stratum variable for variance estimation","DEMO_J","Demographic Variables and Sample Weights",2017,2018,"Demographics","None","DEMO_J"
"SEQN","Respondent sequence number.","DEMO_J","Demographic Variables and Sample Weights",2017,2018,"Demographics","None","DEMO_J"
"SIAINTRP","Was an interpreter used to conduct the Sample Person (SP) interview?","DEMO_J","Demographic Variables and Sample Weights",2017,2018,"Demographics","None","DEMO_J"
"SIALANG","Language of the Sample Person Interview Instrument","DEMO_J","Demographic Variables and Sample Weights",2017,2018,"Demographics","None","DEMO_J"
"SIAPROXY","Was a Proxy respondent used in conducting the Sample Person (SP) interview?","DEMO_J","Demographic Variables and Sample Weights",2017,2018,"Demographics","None","DEMO_J"
"WTINT2YR","Full sample 2 year interview weight.","DEMO_J","Demographic Variables and Sample Weights",2017,2018,"Demographics","None","DEMO_J"
"WTMEC2YR","Full sample 2 year MEC exam weight.","DEMO_J","Demographic Variables and Sample Weights",2017,2018,"Demographics","None","DEMO_J"
